<?xml version="1.0" encoding="UTF-8"?>
<ApexPage xmlns="http://soap.sforce.com/2006/04/metadata">
    <apiVersion>30.0</apiVersion>
    <availableInTouch>false</availableInTouch>
    <confirmationTokenRequired>false</confirmationTokenRequired>
    <description>Default Force.com home page for Answers sites</description>
    <label>AnswersHome</label>
    <packageVersions>
        <majorNumber>1</majorNumber>
        <minorNumber>45</minorNumber>
        <namespace>ACalculator</namespace>
    </packageVersions>
    <packageVersions>
        <majorNumber>1</majorNumber>
        <minorNumber>2</minorNumber>
        <namespace>Field_Trip</namespace>
    </packageVersions>
    <packageVersions>
        <majorNumber>6</majorNumber>
        <minorNumber>3</minorNumber>
        <namespace>dsfs</namespace>
    </packageVersions>
    <packageVersions>
        <majorNumber>1</majorNumber>
        <minorNumber>6</minorNumber>
        <namespace>sf_com_apps</namespace>
    </packageVersions>
    <packageVersions>
        <majorNumber>1</majorNumber>
        <minorNumber>6</minorNumber>
        <namespace>sfsiPoll</namespace>
    </packageVersions>
</ApexPage>
