<?xml version="1.0" encoding="UTF-8"?>
<ApexPage xmlns="http://soap.sforce.com/2006/04/metadata">
    <apiVersion>30.0</apiVersion>
    <availableInTouch>true</availableInTouch>
    <confirmationTokenRequired>false</confirmationTokenRequired>
    <description>Default Force.com Forgot Password Confirmation page</description>
    <label>ForgotPassword</label>
    <packageVersions>
        <majorNumber>1</majorNumber>
        <minorNumber>2</minorNumber>
        <namespace>Field_Trip</namespace>
    </packageVersions>
</ApexPage>
